Roboto,Open Sans
Source Sans 3,Inter
PT Sans,Raleway
Manrope,Rubik
TeX Gyre Heros,Nimbus San L
Arvo,Michroma
Oswald,League Gothic
Asap,Cantarell
Cormorant SC,Source Serif 4
Alegreya,Cormorant
Outfit,Spectral
Poppins,Josefin Slab
Ubuntu,Cabin
Satisfy,League Spartan
Barlow,RedHat Display
Lato,Montserrat
Noto Sans,IBM Plex Sans
Mulish,Nunito Sans
Titillium Web,Work Sans
Liberation Serif,Noto Serif
EB Garamond,Libre Baskerville
Barlow Condensed,Playfair Display
Quicksand,Questrial
Lora,Crimson Text
Cormorant Garamond,Pacifico
Roboto Slab,Aleo
Vollkorn,Anton
Luckiest Guy,Abril Fatface
Great Vibes,Dancing Script
Bruno Ace,Lobster